Workbook

Sheet Petunjuk
B2: Panduan Penilaian Juri
B3: Lomba Project MKWK Nasional 2026 — Tahap Pra-Event (19 Agt) & Presentasi Finalis (22 Agt)
B5: • Ada DUA sheet input: “Input Nilai (Pra-Event)” untuk menilai Video/Poster yang sudah dikumpulkan (19 Agustus), dan “Input Nilai (Presentasi)” khusus untuk 10 finalis pada hari lomba (22 Agustus). Isi sesuai tahap yang sedang berjalan.
B6: • Setiap juri mengisi BLOK KOLOMNYA SENDIRI (nama juri tertera di header kolom). Jangan mengisi kolom juri lain.
B7: • Isi HANYA sel berwarna kuning pucat. Sel abu-abu (–) berarti tidak berlaku untuk kategori tim tersebut — biarkan kosong.
B8: • Skor tiap kriteria diisi 0–100, mengacu pada rubrik Bab VII Juknis (pita nilai: 86–100 sangat baik · 71–85 baik · 56–70 cukup · <55 kurang). Deskriptor lengkap ada di sheet “Rubrik”.
B9: • Kolom skor & peringkat berwarna emas terisi OTOMATIS (rumus) dari rata-rata semua juri yang sudah mengisi — jangan diedit manual.
B10: • Bobot resmi total (Bab VII Juknis): Video 30% + Poster 20% (Pra-Event) + Presentasi 50% (Hari-H) = 100%. Sheet “Rekap Final” menggabungkan ketiganya menjadi Total Akhir setelah presentasi selesai.
B11: • Sheet “Input Nilai (Presentasi)” hanya perlu diisi untuk tim yang benar-benar lolos sebagai 10 finalis — baris tim lain boleh dibiarkan kosong.
B12: • Dokumen kerja internal panitia & dewan juri — mohon tidak disebarluaskan.
B14: Dewan Juri
B15: • Dr. Epin Saepudin, M.Pd. — ITB
... B25: Kontak: Agus Kurnia, S.S., M.Ag. · WA 0899-6085-314 · mku@unram.ac.id

Sheet Rubrik
B2: Rubrik Penilaian
B3: Sumber: Juknis Lomba Project MKWK Nasional 2026, Bab VII
B5: Kode | C5: Aspek | D5: Bobot | E5: Tahap | F5: Deskriptor skor tertinggi (86–100)
B6: A1 | C6: Kualitas Konten & Pesan | D6: 15% | E6: Pra-Event · Video | F6: Isu sangat relevan, data akurat, pesan jelas, berdampak luas, storytelling kuat
B7: A2 | C7: Kualitas Produksi | D7: 10% | E7: Pra-Event · Video | F7: Resolusi HD, suara jernih, editing rapi, transisi halus, narasi mengalir
B8: A3 | C8: Integrasi Nilai MKWK | D8: 5% | E8: Pra-Event · Video | F8: Nilai MKWK terintegrasi eksplisit & terdokumentasi kuat dalam video; lebih dari satu nilai jadi nilai tambah, bukan syarat
B9: B1 | C9: Kualitas Isi Ilmiah | D9: 10% | E9: Pra-Event · Poster | F9: Masalah teridentifikasi jelas, metode tepat, dampak terukur dan berbasis data
B10: B2 | C10: Estetika & Keterbacaan | D10: 10% | E10: Pra-Event · Poster | F10: Desain menarik, hierarki tipografi jelas, terbaca jelas di layar (termasuk saat diperkecil 50%)
B11: C1 | C11: Substansi & Dampak | D11: 20% | E11: Presentasi (22 Agt) | F11: Dampak signifikan, terukur, melibatkan komunitas nyata, didukung bukti kuat
B12: C2 | C12: Integrasi Nilai MKWK | D12: 15% | E12: Presentasi (22 Agt) | F12: Nilai MKWK sangat eksplisit dan kritis dibahas dalam presentasi; integrasi lebih dari satu mata kuliah jadi nilai tambah, bukan syarat
B13: C3 | C13: Inovasi & Orisinalitas | D13: 10% | E13: Presentasi (22 Agt) | F13: Pendekatan baru, solusi kreatif, bukan pengulangan project serupa yang sudah ada
B14: C4 | C14: Penguasaan & Q&A | D14: 5% | E14: Presentasi (22 Agt) | F14: Seluruh anggota tim menguasai materi, menjawab kritis, percaya diri, komunikatif
B16: Pita nilai untuk semua aspek di atas:
B17: • 86–100 Sangat baik
B18: • 71–85 Baik
B19: • 56–70 Cukup
B20: • < 55 Kurang
B22: Total bobot: Video 30% + Poster 20% (Pra-Event, maks. keduanya jika tim ikut 2 kategori) + Presentasi 50% (Hari-H) = 100%.

Sheet Input Nilai (Pra-Event)
A1: PENILAIAN JURI — TAHAP PRA-EVENT (VIDEO 30% + POSTER 20%) — LOMBA PROJECT MKWK NASIONAL 2026
A2: No | B2: Nama Tim | C2: Perguruan Tinggi | D2: Kategori | E2: Dr. Epin S. (ITB) | J2: Dr. Heri S. (UGM) | O2: Ir. Riadi B. (Untan) | T2: Aurelius T. (Unram) | Y2: Ida Ayu S. (Unram) | AD2: Skor Video (0–100) | AE2: Skor Poster (0–100) | AF2: Skor Akhir Pra-Event | AG2: Peringkat
E3: A1 Kualitas Konten & Pesan | F3: A2 Kualitas Produksi | G3: A3 Integrasi Nilai MKWK | H3: B1 Kualitas Isi Ilmiah | I3: B2 Estetika & Keterbacaan | J3: A1 Kualitas Konten & Pesan | K3: A2 Kualitas Produksi | L3: A3 Integrasi Nilai MKWK | M3: B1 Kualitas Isi Ilmiah | N3: B2 Estetika & Keterbacaan | O3: A1 Kualitas Konten & Pesan | P3: A2 Kualitas Produksi | Q3: A3 Integrasi Nilai MKWK | R3: B1 Kualitas Isi Ilmiah | S3: B2 Estetika & Keterbacaan | T3: A1 Kualitas Konten & Pesan | U3: A2 Kualitas Produksi | V3: A3 Integrasi Nilai MKWK | W3: B1 Kualitas Isi Ilmiah | X3: B2 Estetika & Keterbacaan | Y3: A1 Kualitas Konten & Pesan | Z3: A2 Kualitas Produksi | AA3: A3 Integrasi Nilai MKWK | AB3: B1 Kualitas Isi Ilmiah | AC3: B2 Estetika & Keterbacaan
A4: 1 | B4: Nusa Data Team | C4: Politeknik Al Islam Bandung | D4: Video | H4: – | I4: – | M4: – | N4: – | R4: – | S4: – | W4: – | X4: – | AB4: – | AC4: – | AD4: =IFERROR((AVERAGE(E4,J4,O4,T4,Y4)*15+AVERAGE(F4,K4,P4,U4,Z4)*10+AVERAGE(G4,L4,Q4,V4,AA4)*5)/30,"") | AF4: =IF(AND(AD4<>"",AE4<>""),(AD4*30+AE4*20)/50,IF(AD4<>"",AD4,IF(AE4<>"",AE4,""))) | AG4: =IFERROR(RANK(AF4,$AF$4:$AF$15,0),"")
A5: 2 | B5: GarudaAksi | C5: Universitas Muhammadiyah Riau | D5: Poster | E5: – | F5: – | G5: – | J5: – | K5: – | L5: – | O5: – | P5: – | Q5: – | T5: – | U5: – | V5: – | Y5: – | Z5: – | AA5: – | AE5: =IFERROR((AVERAGE(H5,M5,R5,W5,AB5)*10+AVERAGE(I5,N5,S5,X5,AC5)*10)/20,"") | AF5: =IF(AND(AD5<>"",AE5<>""),(AD5*30+AE5*20)/50,IF(AD5<>"",AD5,IF(AE5<>"",AE5,""))) | AG5: =IFERROR(RANK(AF5,$AF$4:$AF$15,0),"")
A6: 3 | B6: Nawasena | C6: Sekolah Tinggi Agama Hindu Dharma Nusantara Jakarta | D6: Video | H6: – | I6: – | M6: – | N6: – | R6: – | S6: – | W6: – | X6: – | AB6: – | AC6: – | AD6: =IFERROR((AVERAGE(E6,J6,O6,T6,Y6)*15+AVERAGE(F6,K6,P6,U6,Z6)*10+AVERAGE(G6,L6,Q6,V6,AA6)*5)/30,"") | AF6: =IF(AND(AD6<>"",AE6<>""),(AD6*30+AE6*20)/50,IF(AD6<>"",AD6,IF(AE6<>"",AE6,""))) | AG6: =IFERROR(RANK(AF6,$AF$4:$AF$15,0),"")
A7: 4 | B7: Tim Karsa Nusantara UMRI | C7: Universitas Muhammadiyah Riau | D7: Video & Poster | AD7: =IFERROR((AVERAGE(E7,J7,O7,T7,Y7)*15+AVERAGE(F7,K7,P7,U7,Z7)*10+AVERAGE(G7,L7,Q7,V7,AA7)*5)/30,"") | AE7: =IFERROR((AVERAGE(H7,M7,R7,W7,AB7)*10+AVERAGE(I7,N7,S7,X7,AC7)*10)/20,"") | AF7: =IF(AND(AD7<>"",AE7<>""),(AD7*30+AE7*20)/50,IF(AD7<>"",AD7,IF(AE7<>"",AE7,""))) | AG7: =IFERROR(RANK(AF7,$AF$4:$AF$15,0),"")
A8: 5 | B8: Grow With Nature | C8: Universitas Mataram | D8: Video | H8: – | I8: – | M8: – | N8: – | R8: – | S8: – | W8: – | X8: – | AB8: – | AC8: – | AD8: =IFERROR((AVERAGE(E8,J8,O8,T8,Y8)*15+AVERAGE(F8,K8,P8,U8,Z8)*10+AVERAGE(G8,L8,Q8,V8,AA8)*5)/30,"") | AF8: =IF(AND(AD8<>"",AE8<>""),(AD8*30+AE8*20)/50,IF(AD8<>"",AD8,IF(AE8<>"",AE8,""))) | AG8: =IFERROR(RANK(AF8,$AF$4:$AF$15,0),"")
A9: 6 | B9: PANCA INSPIRASI | C9: Universitas Borneo Tarakan | D9: Poster | E9: – | F9: – | G9: – | J9: – | K9: – | L9: – | O9: – | P9: – | Q9: – | T9: – | U9: – | V9: – | Y9: – | Z9: – | AA9: – | AE9: =IFERROR((AVERAGE(H9,M9,R9,W9,AB9)*10+AVERAGE(I9,N9,S9,X9,AC9)*10)/20,"") | AF9: =IF(AND(AD9<>"",AE9<>""),(AD9*30+AE9*20)/50,IF(AD9<>"",AD9,IF(AE9<>"",AE9,""))) | AG9: =IFERROR(RANK(AF9,$AF$4:$AF$15,0),"")
A10: 7 | B10: TeamKWU | C10: Universitas Pasir Pengaraian | D10: Video | H10: – | I10: – | M10: – | N10: – | R10: – | S10: – | W10: – | X10: – | AB10: – | AC10: – | AD10: =IFERROR((AVERAGE(E10,J10,O10,T10,Y10)*15+AVERAGE(F10,K10,P10,U10,Z10)*10+AVERAGE(G10,L10,Q10,V10,AA10)*5)/30,"") | AF10: =IF(AND(AD10<>"",AE10<>""),(AD10*30+AE10*20)/50,IF(AD10<>"",AD10,IF(AE10<>"",AE10,""))) | AG10: =IFERROR(RANK(AF10,$AF$4:$AF$15,0),"")
A11: 8 | B11: bahagia grup | C11: Universitas Negeri Surabaya | D11: Poster | E11: – | F11: – | G11: – | J11: – | K11: – | L11: – | O11: – | P11: – | Q11: – | T11: – | U11: – | V11: – | Y11: – | Z11: – | AA11: – | AE11: =IFERROR((AVERAGE(H11,M11,R11,W11,AB11)*10+AVERAGE(I11,N11,S11,X11,AC11)*10)/20,"") | AF11: =IF(AND(AD11<>"",AE11<>""),(AD11*30+AE11*20)/50,IF(AD11<>"",AD11,IF(AE11<>"",AE11,""))) | AG11: =IFERROR(RANK(AF11,$AF$4:$AF$15,0),"")
A12: 9 | B12: EcoRizz | C12: Universitas Mataram | D12: Poster | E12: – | F12: – | G12: – | J12: – | K12: – | L12: – | O12: – | P12: – | Q12: – | T12: – | U12: – | V12: – | Y12: – | Z12: – | AA12: – | AE12: =IFERROR((AVERAGE(H12,M12,R12,W12,AB12)*10+AVERAGE(I12,N12,S12,X12,AC12)*10)/20,"") | AF12: =IF(AND(AD12<>"",AE12<>""),(AD12*30+AE12*20)/50,IF(AD12<>"",AD12,IF(AE12<>"",AE12,""))) | AG12: =IFERROR(RANK(AF12,$AF$4:$AF$15,0),"")
A13: 10 | B13: SortNova.team | C13: Universitas Mataram | D13: Video | H13: – | I13: – | M13: – | N13: – | R13: – | S13: – | W13: – | X13: – | AB13: – | AC13: – | AD13: =IFERROR((AVERAGE(E13,J13,O13,T13,Y13)*15+AVERAGE(F13,K13,P13,U13,Z13)*10+AVERAGE(G13,L13,Q13,V13,AA13)*5)/30,"") | AF13: =IF(AND(AD13<>"",AE13<>""),(AD13*30+AE13*20)/50,IF(AD13<>"",AD13,IF(AE13<>"",AE13,""))) | AG13: =IFERROR(RANK(AF13,$AF$4:$AF$15,0),"")
A14: 11 | B14: tim hore | C14: Universitas Mataram | D14: Poster | E14: – | F14: – | G14: – | J14: – | K14: – | L14: – | O14: – | P14: – | Q14: – | T14: – | U14: – | V14: – | Y14: – | Z14: – | AA14: – | AE14: =IFERROR((AVERAGE(H14,M14,R14,W14,AB14)*10+AVERAGE(I14,N14,S14,X14,AC14)*10)/20,"") | AF14: =IF(AND(AD14<>"",AE14<>""),(AD14*30+AE14*20)/50,IF(AD14<>"",AD14,IF(AE14<>"",AE14,""))) | AG14: =IFERROR(RANK(AF14,$AF$4:$AF$15,0),"")
A15: 12 | B15: The last trace team | C15: Universitas Mataram | D15: Video | H15: – | I15: – | M15: – | N15: – | R15: – | S15: – | W15: – | X15: – | AB15: – | AC15: – | AD15: =IFERROR((AVERAGE(E15,J15,O15,T15,Y15)*15+AVERAGE(F15,K15,P15,U15,Z15)*10+AVERAGE(G15,L15,Q15,V15,AA15)*5)/30,"") | AF15: =IF(AND(AD15<>"",AE15<>""),(AD15*30+AE15*20)/50,IF(AD15<>"",AD15,IF(AE15<>"",AE15,""))) | AG15: =IFERROR(RANK(AF15,$AF$4:$AF$15,0),"")
B17: Kuning = isi skor 0–100 di sini • Abu-abu (–) = tidak berlaku untuk kategori tim ini • Kolom emas = terisi otomatis, jangan diedit

Sheet Input Nilai (Presentasi)
A1: PENILAIAN JURI — PRESENTASI FINALIS, 22 AGUSTUS 2026 (BOBOT 50%) — HANYA UNTUK 10 FINALIS
A2: No | B2: Nama Tim | C2: Perguruan Tinggi | D2: Kategori | E2: Dr. Epin S. (ITB) | I2: Dr. Heri S. (UGM) | M2: Ir. Riadi B. (Untan) | Q2: Aurelius T. (Unram) | U2: Ida Ayu S. (Unram) | Y2: Skor Presentasi | Z2: Peringkat
E3: C1 Substansi & Dampak | F3: C2 Integrasi Nilai MKWK | G3: C3 Inovasi & Orisinalitas | H3: C4 Penguasaan & Q&A | I3: C1 Substansi & Dampak | J3: C2 Integrasi Nilai MKWK | K3: C3 Inovasi & Orisinalitas | L3: C4 Penguasaan & Q&A | M3: C1 Substansi & Dampak | N3: C2 Integrasi Nilai MKWK | O3: C3 Inovasi & Orisinalitas | P3: C4 Penguasaan & Q&A | Q3: C1 Substansi & Dampak | R3: C2 Integrasi Nilai MKWK | S3: C3 Inovasi & Orisinalitas | T3: C4 Penguasaan & Q&A | U3: C1 Substansi & Dampak | V3: C2 Integrasi Nilai MKWK | W3: C3 Inovasi & Orisinalitas | X3: C4 Penguasaan & Q&A
A4: 1 | B4: Nusa Data Team | C4: Politeknik Al Islam Bandung | D4: Video | Y4: =IFERROR((AVERAGE(E4,I4,M4,Q4,U4)*20+AVERAGE(F4,J4,N4,R4,V4)*15+AVERAGE(G4,K4,O4,S4,W4)*10+AVERAGE(H4,L4,P4,T4,X4)*5)/50,"") | Z4: =IFERROR(RANK(Y4,$Y$4:$Y$15,0),"")
A5: 2 | B5: GarudaAksi | C5: Universitas Muhammadiyah Riau | D5: Poster | Y5: =IFERROR((AVERAGE(E5,I5,M5,Q5,U5)*20+AVERAGE(F5,J5,N5,R5,V5)*15+AVERAGE(G5,K5,O5,S5,W5)*10+AVERAGE(H5,L5,P5,T5,X5)*5)/50,"") | Z5: =IFERROR(RANK(Y5,$Y$4:$Y$15,0),"")
A6: 3 | B6: Nawasena | C6: Sekolah Tinggi Agama Hindu Dharma Nusantara Jakarta | D6: Video | Y6: =IFERROR((AVERAGE(E6,I6,M6,Q6,U6)*20+AVERAGE(F6,J6,N6,R6,V6)*15+AVERAGE(G6,K6,O6,S6,W6)*10+AVERAGE(H6,L6,P6,T6,X6)*5)/50,"") | Z6: =IFERROR(RANK(Y6,$Y$4:$Y$15,0),"")
A7: 4 | B7: Tim Karsa Nusantara UMRI | C7: Universitas Muhammadiyah Riau | D7: Video & Poster | Y7: =IFERROR((AVERAGE(E7,I7,M7,Q7,U7)*20+AVERAGE(F7,J7,N7,R7,V7)*15+AVERAGE(G7,K7,O7,S7,W7)*10+AVERAGE(H7,L7,P7,T7,X7)*5)/50,"") | Z7: =IFERROR(RANK(Y7,$Y$4:$Y$15,0),"")
A8: 5 | B8: Grow With Nature | C8: Universitas Mataram | D8: Video | Y8: =IFERROR((AVERAGE(E8,I8,M8,Q8,U8)*20+AVERAGE(F8,J8,N8,R8,V8)*15+AVERAGE(G8,K8,O8,S8,W8)*10+AVERAGE(H8,L8,P8,T8,X8)*5)/50,"") | Z8: =IFERROR(RANK(Y8,$Y$4:$Y$15,0),"")
A9: 6 | B9: PANCA INSPIRASI | C9: Universitas Borneo Tarakan | D9: Poster | Y9: =IFERROR((AVERAGE(E9,I9,M9,Q9,U9)*20+AVERAGE(F9,J9,N9,R9,V9)*15+AVERAGE(G9,K9,O9,S9,W9)*10+AVERAGE(H9,L9,P9,T9,X9)*5)/50,"") | Z9: =IFERROR(RANK(Y9,$Y$4:$Y$15,0),"")
A10: 7 | B10: TeamKWU | C10: Universitas Pasir Pengaraian | D10: Video | Y10: =IFERROR((AVERAGE(E10,I10,M10,Q10,U10)*20+AVERAGE(F10,J10,N10,R10,V10)*15+AVERAGE(G10,K10,O10,S10,W10)*10+AVERAGE(H10,L10,P10,T10,X10)*5)/50,"") | Z10: =IFERROR(RANK(Y10,$Y$4:$Y$15,0),"")
A11: 8 | B11: bahagia grup | C11: Universitas Negeri Surabaya | D11: Poster | Y11: =IFERROR((AVERAGE(E11,I11,M11,Q11,U11)*20+AVERAGE(F11,J11,N11,R11,V11)*15+AVERAGE(G11,K11,O11,S11,W11)*10+AVERAGE(H11,L11,P11,T11,X11)*5)/50,"") | Z11: =IFERROR(RANK(Y11,$Y$4:$Y$15,0),"")
A12: 9 | B12: EcoRizz | C12: Universitas Mataram | D12: Poster | Y12: =IFERROR((AVERAGE(E12,I12,M12,Q12,U12)*20+AVERAGE(F12,J12,N12,R12,V12)*15+AVERAGE(G12,K12,O12,S12,W12)*10+AVERAGE(H12,L12,P12,T12,X12)*5)/50,"") | Z12: =IFERROR(RANK(Y12,$Y$4:$Y$15,0),"")
A13: 10 | B13: SortNova.team | C13: Universitas Mataram | D13: Video | Y13: =IFERROR((AVERAGE(E13,I13,M13,Q13,U13)*20+AVERAGE(F13,J13,N13,R13,V13)*15+AVERAGE(G13,K13,O13,S13,W13)*10+AVERAGE(H13,L13,P13,T13,X13)*5)/50,"") | Z13: =IFERROR(RANK(Y13,$Y$4:$Y$15,0),"")
A14: 11 | B14: tim hore | C14: Universitas Mataram | D14: Poster | Y14: =IFERROR((AVERAGE(E14,I14,M14,Q14,U14)*20+AVERAGE(F14,J14,N14,R14,V14)*15+AVERAGE(G14,K14,O14,S14,W14)*10+AVERAGE(H14,L14,P14,T14,X14)*5)/50,"") | Z14: =IFERROR(RANK(Y14,$Y$4:$Y$15,0),"")
A15: 12 | B15: The last trace team | C15: Universitas Mataram | D15: Video | Y15: =IFERROR((AVERAGE(E15,I15,M15,Q15,U15)*20+AVERAGE(F15,J15,N15,R15,V15)*15+AVERAGE(G15,K15,O15,S15,W15)*10+AVERAGE(H15,L15,P15,T15,X15)*5)/50,"") | Z15: =IFERROR(RANK(Y15,$Y$4:$Y$15,0),"")
B17: Kuning = isi skor 0–100 di sini (semua tim finalis, tanpa kecuali kategori) • Kolom emas = terisi otomatis, jangan diedit • Hanya isi baris tim yang lolos sebagai FINALIS

Sheet Rekap Pra-Event
B2: Rekap & Peringkat Sementara — Tahap Pra-Event
B3: Terhubung otomatis ke sheet “Input Nilai (Pra-Event)” — 10 tim skor tertinggi diusulkan sebagai finalis, sesuai Bab VII Juknis.
A5: Peringkat | B5: Nama Tim | C5: Perguruan Tinggi | D5: Kategori | E5: Skor Akhir Pra-Event | F5: Status
A6: ='Input Nilai (Pra-Event)'!AG4 | B6: ='Input Nilai (Pra-Event)'!B4 | C6: ='Input Nilai (Pra-Event)'!C4 | D6: ='Input Nilai (Pra-Event)'!D4 | E6: ='Input Nilai (Pra-Event)'!AF4 | F6: =IFERROR(IF(A6<=10,"Diusulkan finalis","-"),"Belum dinilai")
A7: ='Input Nilai (Pra-Event)'!AG5 | B7: ='Input Nilai (Pra-Event)'!B5 | C7: ='Input Nilai (Pra-Event)'!C5 | D7: ='Input Nilai (Pra-Event)'!D5 | E7: ='Input Nilai (Pra-Event)'!AF5 | F7: =IFERROR(IF(A7<=10,"Diusulkan finalis","-"),"Belum dinilai")
A8: ='Input Nilai (Pra-Event)'!AG6 | B8: ='Input Nilai (Pra-Event)'!B6 | C8: ='Input Nilai (Pra-Event)'!C6 | D8: ='Input Nilai (Pra-Event)'!D6 | E8: ='Input Nilai (Pra-Event)'!AF6 | F8: =IFERROR(IF(A8<=10,"Diusulkan finalis","-"),"Belum dinilai")
A9: ='Input Nilai (Pra-Event)'!AG7 | B9: ='Input Nilai (Pra-Event)'!B7 | C9: ='Input Nilai (Pra-Event)'!C7 | D9: ='Input Nilai (Pra-Event)'!D7 | E9: ='Input Nilai (Pra-Event)'!AF7 | F9: =IFERROR(IF(A9<=10,"Diusulkan finalis","-"),"Belum dinilai")
A10: ='Input Nilai (Pra-Event)'!AG8 | B10: ='Input Nilai (Pra-Event)'!B8 | C10: ='Input Nilai (Pra-Event)'!C8 | D10: ='Input Nilai (Pra-Event)'!D8 | E10: ='Input Nilai (Pra-Event)'!AF8 | F10: =IFERROR(IF(A10<=10,"Diusulkan finalis","-"),"Belum dinilai")
A11: ='Input Nilai (Pra-Event)'!AG9 | B11: ='Input Nilai (Pra-Event)'!B9 | C11: ='Input Nilai (Pra-Event)'!C9 | D11: ='Input Nilai (Pra-Event)'!D9 | E11: ='Input Nilai (Pra-Event)'!AF9 | F11: =IFERROR(IF(A11<=10,"Diusulkan finalis","-"),"Belum dinilai")
A12: ='Input Nilai (Pra-Event)'!AG10 | B12: ='Input Nilai (Pra-Event)'!B10 | C12: ='Input Nilai (Pra-Event)'!C10 | D12: ='Input Nilai (Pra-Event)'!D10 | E12: ='Input Nilai (Pra-Event)'!AF10 | F12: =IFERROR(IF(A12<=10,"Diusulkan finalis","-"),"Belum dinilai")
A13: ='Input Nilai (Pra-Event)'!AG11 | B13: ='Input Nilai (Pra-Event)'!B11 | C13: ='Input Nilai (Pra-Event)'!C11 | D13: ='Input Nilai (Pra-Event)'!D11 | E13: ='Input Nilai (Pra-Event)'!AF11 | F13: =IFERROR(IF(A13<=10,"Diusulkan finalis","-"),"Belum dinilai")
A14: ='Input Nilai (Pra-Event)'!AG12 | B14: ='Input Nilai (Pra-Event)'!B12 | C14: ='Input Nilai (Pra-Event)'!C12 | D14: ='Input Nilai (Pra-Event)'!D12 | E14: ='Input Nilai (Pra-Event)'!AF12 | F14: =IFERROR(IF(A14<=10,"Diusulkan finalis","-"),"Belum dinilai")
A15: ='Input Nilai (Pra-Event)'!AG13 | B15: ='Input Nilai (Pra-Event)'!B13 | C15: ='Input Nilai (Pra-Event)'!C13 | D15: ='Input Nilai (Pra-Event)'!D13 | E15: ='Input Nilai (Pra-Event)'!AF13 | F15: =IFERROR(IF(A15<=10,"Diusulkan finalis","-"),"Belum dinilai")
A16: ='Input Nilai (Pra-Event)'!AG14 | B16: ='Input Nilai (Pra-Event)'!B14 | C16: ='Input Nilai (Pra-Event)'!C14 | D16: ='Input Nilai (Pra-Event)'!D14 | E16: ='Input Nilai (Pra-Event)'!AF14 | F16: =IFERROR(IF(A16<=10,"Diusulkan finalis","-"),"Belum dinilai")
A17: ='Input Nilai (Pra-Event)'!AG15 | B17: ='Input Nilai (Pra-Event)'!B15 | C17: ='Input Nilai (Pra-Event)'!C15 | D17: ='Input Nilai (Pra-Event)'!D15 | E17: ='Input Nilai (Pra-Event)'!AF15 | F17: =IFERROR(IF(A17<=10,"Diusulkan finalis","-"),"Belum dinilai")
B19: Baris tidak terurut otomatis — gunakan Data → Sort range berdasarkan “Skor Akhir Pra-Event” (menurun), atau baca langsung kolom Peringkat.

Sheet Rekap Final
B2: Rekap & Peringkat Akhir — Setelah Presentasi Finalis
B3: Total Akhir = Skor Akhir Pra-Event × 50% + Skor Presentasi × 50% (menyetarakan bobot resmi 30%+20%=50% dan 50%). Isi hanya berlaku untuk tim yang sudah dinilai presentasinya.
A5: Peringkat | B5: Nama Tim | C5: Perguruan Tinggi | D5: Skor Pra-Event | E5: Skor Presentasi | F5: Total Akhir | G5: Status
A6: =IFERROR(RANK(F6,$F$6:$F$17,0),"") | B6: ='Input Nilai (Pra-Event)'!B4 | C6: ='Input Nilai (Pra-Event)'!C4 | D6: =IFERROR('Input Nilai (Pra-Event)'!AF4+0,"") | E6: =IFERROR('Input Nilai (Presentasi)'!Y4+0,"") | F6: =IF(AND(D6<>"",E6<>""),D6*0.5+E6*0.5,"") | G6: =IF(F6="","Menunggu presentasi",IF(A6<=3,"JUARA I-III (cek manual)","Finalis dinilai"))
A7: =IFERROR(RANK(F7,$F$6:$F$17,0),"") | B7: ='Input Nilai (Pra-Event)'!B5 | C7: ='Input Nilai (Pra-Event)'!C5 | D7: =IFERROR('Input Nilai (Pra-Event)'!AF5+0,"") | E7: =IFERROR('Input Nilai (Presentasi)'!Y5+0,"") | F7: =IF(AND(D7<>"",E7<>""),D7*0.5+E7*0.5,"") | G7: =IF(F7="","Menunggu presentasi",IF(A7<=3,"JUARA I-III (cek manual)","Finalis dinilai"))
A8: =IFERROR(RANK(F8,$F$6:$F$17,0),"") | B8: ='Input Nilai (Pra-Event)'!B6 | C8: ='Input Nilai (Pra-Event)'!C6 | D8: =IFERROR('Input Nilai (Pra-Event)'!AF6+0,"") | E8: =IFERROR('Input Nilai (Presentasi)'!Y6+0,"") | F8: =IF(AND(D8<>"",E8<>""),D8*0.5+E8*0.5,"") | G8: =IF(F8="","Menunggu presentasi",IF(A8<=3,"JUARA I-III (cek manual)","Finalis dinilai"))
A9: =IFERROR(RANK(F9,$F$6:$F$17,0),"") | B9: ='Input Nilai (Pra-Event)'!B7 | C9: ='Input Nilai (Pra-Event)'!C7 | D9: =IFERROR('Input Nilai (Pra-Event)'!AF7+0,"") | E9: =IFERROR('Input Nilai (Presentasi)'!Y7+0,"") | F9: =IF(AND(D9<>"",E9<>""),D9*0.5+E9*0.5,"") | G9: =IF(F9="","Menunggu presentasi",IF(A9<=3,"JUARA I-III (cek manual)","Finalis dinilai"))
A10: =IFERROR(RANK(F10,$F$6:$F$17,0),"") | B10: ='Input Nilai (Pra-Event)'!B8 | C10: ='Input Nilai (Pra-Event)'!C8 | D10: =IFERROR('Input Nilai (Pra-Event)'!AF8+0,"") | E10: =IFERROR('Input Nilai (Presentasi)'!Y8+0,"") | F10: =IF(AND(D10<>"",E10<>""),D10*0.5+E10*0.5,"") | G10: =IF(F10="","Menunggu presentasi",IF(A10<=3,"JUARA I-III (cek manual)","Finalis dinilai"))
A11: =IFERROR(RANK(F11,$F$6:$F$17,0),"") | B11: ='Input Nilai (Pra-Event)'!B9 | C11: ='Input Nilai (Pra-Event)'!C9 | D11: =IFERROR('Input Nilai (Pra-Event)'!AF9+0,"") | E11: =IFERROR('Input Nilai (Presentasi)'!Y9+0,"") | F11: =IF(AND(D11<>"",E11<>""),D11*0.5+E11*0.5,"") | G11: =IF(F11="","Menunggu presentasi",IF(A11<=3,"JUARA I-III (cek manual)","Finalis dinilai"))
A12: =IFERROR(RANK(F12,$F$6:$F$17,0),"") | B12: ='Input Nilai (Pra-Event)'!B10 | C12: ='Input Nilai (Pra-Event)'!C10 | D12: =IFERROR('Input Nilai (Pra-Event)'!AF10+0,"") | E12: =IFERROR('Input Nilai (Presentasi)'!Y10+0,"") | F12: =IF(AND(D12<>"",E12<>""),D12*0.5+E12*0.5,"") | G12: =IF(F12="","Menunggu presentasi",IF(A12<=3,"JUARA I-III (cek manual)","Finalis dinilai"))
A13: =IFERROR(RANK(F13,$F$6:$F$17,0),"") | B13: ='Input Nilai (Pra-Event)'!B11 | C13: ='Input Nilai (Pra-Event)'!C11 | D13: =IFERROR('Input Nilai (Pra-Event)'!AF11+0,"") | E13: =IFERROR('Input Nilai (Presentasi)'!Y11+0,"") | F13: =IF(AND(D13<>"",E13<>""),D13*0.5+E13*0.5,"") | G13: =IF(F13="","Menunggu presentasi",IF(A13<=3,"JUARA I-III (cek manual)","Finalis dinilai"))
A14: =IFERROR(RANK(F14,$F$6:$F$17,0),"") | B14: ='Input Nilai (Pra-Event)'!B12 | C14: ='Input Nilai (Pra-Event)'!C12 | D14: =IFERROR('Input Nilai (Pra-Event)'!AF12+0,"") | E14: =IFERROR('Input Nilai (Presentasi)'!Y12+0,"") | F14: =IF(AND(D14<>"",E14<>""),D14*0.5+E14*0.5,"") | G14: =IF(F14="","Menunggu presentasi",IF(A14<=3,"JUARA I-III (cek manual)","Finalis dinilai"))
A15: =IFERROR(RANK(F15,$F$6:$F$17,0),"") | B15: ='Input Nilai (Pra-Event)'!B13 | C15: ='Input Nilai (Pra-Event)'!C13 | D15: =IFERROR('Input Nilai (Pra-Event)'!AF13+0,"") | E15: =IFERROR('Input Nilai (Presentasi)'!Y13+0,"") | F15: =IF(AND(D15<>"",E15<>""),D15*0.5+E15*0.5,"") | G15: =IF(F15="","Menunggu presentasi",IF(A15<=3,"JUARA I-III (cek manual)","Finalis dinilai"))
A16: =IFERROR(RANK(F16,$F$6:$F$17,0),"") | B16: ='Input Nilai (Pra-Event)'!B14 | C16: ='Input Nilai (Pra-Event)'!C14 | D16: =IFERROR('Input Nilai (Pra-Event)'!AF14+0,"") | E16: =IFERROR('Input Nilai (Presentasi)'!Y14+0,"") | F16: =IF(AND(D16<>"",E16<>""),D16*0.5+E16*0.5,"") | G16: =IF(F16="","Menunggu presentasi",IF(A16<=3,"JUARA I-III (cek manual)","Finalis dinilai"))
A17: =IFERROR(RANK(F17,$F$6:$F$17,0),"") | B17: ='Input Nilai (Pra-Event)'!B15 | C17: ='Input Nilai (Pra-Event)'!C15 | D17: =IFERROR('Input Nilai (Pra-Event)'!AF15+0,"") | E17: =IFERROR('Input Nilai (Presentasi)'!Y15+0,"") | F17: =IF(AND(D17<>"",E17<>""),D17*0.5+E17*0.5,"") | G17: =IF(F17="","Menunggu presentasi",IF(A17<=3,"JUARA I-III (cek manual)","Finalis dinilai"))
B19: Kolom “Status” hanya penanda kasar (3 skor tertinggi) — keputusan juara I/II/III/Harapan I-III serta Best Video/Best Poster/Best Presenter TETAP melalui rapat pleno dewan juri, bukan otomatis dari angka semata, sesuai Bab VII.C Juknis (“keputusan dewan juri bersifat final”).
